Nombre del producto,Precio del producto
Don Clemente Autentica Loteria Mexican Bingo Set 20 Tablets Colorful and Educational, €7.
YoYa Toys Beadeez Squishy Stress Relief Balls (3 Pack) - Colorful Squeeze Stretch Balls with Water Beads - Sensory Fidget Toys for Kids and Adults - Increase Focus, Great for ADHD, Autism, Anxiety, €15.
IJO Double Sided Dart Board 29 inch with 12 Sticky Balls-Boys Girls Toys-Indoor/Outdoor Target Game-Party Games for 3 4 5 6 7 8 9 10 11 12 Years Old Boys Girls Childrens, €11.
Elite Sportz Ring Toss Games for Kids - Outdoor Yard Game for Adults & Family - Backyard Toys, Outdoor Games, Yard Games, Backyard Games, Lawn Games, Outdoor Toys For Kids Ages 4-8, Outdoor Toys, €19.
USAOPOLY TAPPLE® Word Game | Fast-Paced Family Board Game | Choose a Category & Race Against The Timer to be The Last Player | Learning Game Great for All Ages, €19.
Twister Ultimate: Bigger Mat, More Colored Spots, Family, Kids Party Game Age 6+; Compatible with Alexa (Amazon Exclusive), €21.
Pokemon Battle Academy 2 Board Game, €14.
Anbalulu Magnetic Tiles for Kids, Stacking Blocks, Preschool Stem Construction Building Set 100 Pcs, €39.
Lingle 15Inch Wooden Folding Chess Set with 3'' Kh Staunton Chess Pieces - Maple & Walnut Inlay Board Game, €22.
FITZ - ¡Dios Mio! Bilingual Fun Card Game - Juegos de mesa en español - A Comedy Party Tarjeta Game NSFW - 350 Muy Graciosa Cards - Spanish Board Game - Party Games, €24.
Don Clemente Serpientes Y Escaleras Authentic Mexican Game, €9.
IJO 4 Pack LED Light Airplane Toys-17.5" Large Throwing Foam Plane-2 Flight Modes Glider Plane-Outdoor Flying Toys for Kids-Flying Toys Gift for Boys Girls 3 4 5 6 7 8 9 Years Old, €20.
El Juego Perfecto (The Perfect Game) Audio English & Spanish with Spanish Subtitles, €19.
Wireless Retro Game Console, Equipped with 64G TF Card Plug and Play, Nostalgia Game Stick 4K 20000+ Games Built-in, 9 Classic Emulators, with Dual 2.4G Wireless Controllers, White, €44.
UNO Minecraft Card Game Videogame-Themed Collectors Deck 112 Cards With Character Images, Gift For Fans Ages 7 Years Old & Up, €6.
Jenga Classic Game with Genuine Hardwood Blocks, Stacking Tower Game for 1 or More Players, Kids Ages 6 and Up, €12.
Connect 4 Classic Grid , 4 in a Row Game, Strategy Board Games for Kids, 2 Player . for Family and Kids, Ages 6 and Up, €7.
Squid Toys Action Figures Building Kit, Popular TV Building Sets, with 6 Cute Characters, Collectible Model, Valentines Day Gifts for Kids or Friends (436 Pieces), €13.
Regal Games - Reversible Wooden Board for Chess, Checkers & Tic-Tac-Toe - 24 Interlocking Wooden Checkers and 32 Standard Chess Pieces - for Age 8 to Adult for Family Fun, €22.
Classic Operation Game, €14.
Great Boy Handheld Game Console for Kids Preloaded 270 Classic Retro Games with 3.0'' Color Display and Gamepad Rechargeable Arcade Gaming Player (Blue), €32.
Rechargeable Game Activity Cube - 9 Fun Brain & Memory Games - Cool Toys for Boys and Girls - Christmas/Birthday Gifts for Ages 6-12+ Year Old Kids Tweens & Teens - Best Boy & Girl Toy Gift Ideas, €39.
UNO Card Game for Family Night, Travel Game & Gift for Kids In a Collectible Storage Tin for 2-10 Players [Amazon Exclusive], €10.
DFGEE Baby Montessori Toys Dinosaur Games Toddler Sensory Fine Motor Skills Learning Educational Activities Outdoor Developmental Toys Gifts for 18 Month Age 2 3 4 One Two Year Old Boys Girls Kids, €5.
SEQUENCE- Original SEQUENCE Game with Folding Board, Cards and Chips by Jax ( Packaging may Vary ) White, 10.3" x 8.1" x 2.31", €13.
Regal Games - Deluxe Bingo Set - Includes Bingo Cage, Master Board, 18 Mixed Cards, 75 Calling Balls, Colorful Chips - Ideal for Large Groups, Parties, €19.
UNO - Classic Colour & Number Matching Card Game - 112 Cards - Customizable & Erasable Wild - Special Action Cards Included - Gift for Kids 7+, W2087, €5.
Twister Party Classic Board Game for 2 or More Players, Indoor and Outdoor Game for Kids 6 and Up, Packaging may vary, €15.
zeyce Tic Tac Toe Board Game,Tic Tac Toe Family Game, Classic Board Game, Classical Family Board Game,Children's Tic Tac Toe Game, Plastic tic tac Toe Game, Board Size 15 X 15 cm, €4.
FPVERA Toys for 1 Year Old Boys - Whack A Mole Game for Toddler, Sensory Interactive Educational Toy, 8-in-1 Musial Pounding Toy Baby Musical Toys Fun Gift for Kids Age 2 3 4 5 6 7 8 Year Old Boy Girl, €14.
Conversation Game in Spanish - Why Don't We - Conversar y Conocerse - 120 Cards with Questions, Games, Conversations & More. Fun Game for Adults and Gift for Couples., €22.
Hasbro Gaming Battleship Classic Board Game, Strategy Game for Kids Ages 7 and Up, Fun for 2 Players, €14.
BUSCBEAR Toy 1000 Pieces Jigsaw Puzzle Game Oil Painting Collection Klimt The Kiss, €14.
Pressman Mancala - Real Wood Folding Set, with Multicolor Stones by Pressman, €9.
UNO Card Game (2 Pack), €10.
Tragos En Español Game for Latinos - Relatable Hilarious Cultural Spanglish Card Game - Gift for Adults, College Students, Families &amp; Party Animals - Juegos De Mesa para Adultos, €22.
Wireless Retro Game Console,Retro Game Stick,Nostalgia Stick Game,4K HDMI Output,Plug and Play Video Game Stick Built in 10000+ Games,9 Classic Emulators, with Dual 2.4G Wireless Controllers(64G), €53.
JUYOUNGA Dance Mat, Gifts Toys for Girls 3 4 5 6 7 8 Years Old, Dance Game Toy, Dance Pad with LED Lights, Adjustable Volume, Built-in Music, 3 Challenge Levels, Birthday Gifts for Kids Ages 3-12, €19.
AUSPDICE Dice Rolling Tower and Tray Retro Castle Mold Color for Tabletop Games, D&D and RPG Games (Bronze Color), €59.
Catcrafter ABC Flash Cards Toddler Toys - Alphabet Number Clock Wooden Letter Puzzle Matching Game Montessori Preschool Educational Toys for Kids Boys Girls Ages 1-3 4+ (36 Cards & 36 Blocks Included), €19.
Aizweb Magic E Word Games,Phonics Games Flash Card for Preschool Kindergarten Classroom Must Haves,Spelling Reading Learning Games,Speech Therapy Montessori Educational Toy Gift for Kid 3 4 5 Year Old, €11.
XQW 3 in 1 Classic Board Games Set for Kids Adults and Families with 12.5" Foldable Game Board,Magnetic Travel Board Game Set,Including Ludo,Snakes and Ladders Board Game,Chinese Checkers, €19.
Hasbro Gaming Jenga Wooden Blocks Stacking Tumbling Tower Kids Game Ages 6 and Up (Amazon Exclusive), €16.
Hedbanz Picture Guessing Board Game New Edition, for Families and Kids Ages 8 and up, €13.
Pressman Toy Pahrcheesi in Box, Red, 5", €9.
Melissa & Doug Suspend Family Game (31 pcs) - Wire Balance Game, Family Game Night Activities, For Kids Ages 8+, €17.
Microsoft Xbox One Kinect Sensor Bar [Xbox One](Renewed), €50.
Redllo Outdoor Games for Kids 3-8, Potato Sack Race Bags, Bean Bag Toss Game, 3 Legged Race Bands, Egg and Spoon Race Game, Yard Games, Carnival Gamesbirthday,Party Games for Kids, €24.
Outdoor Games Potato Sack Race Bags Party Games for Kids,3 Legged Race Bands,Bean Bag Toss Game, Egg and Spoon Race Game for Easter Games, Yard Games,Kids Party, Camping Games, €19.
ORCHARD TOYS Moose Games Magic Maths Game. an exciting and spellbinding Math Game. for Ages 5-7 and for 2-4 Players, €6.
Kids Dart Board Game Set-14 Inches Dart Board for Kids with 12 Sticky Balls - Indoor and Outdoor Activities Game for Kids- Safe Darts Board Game Gift Toy for 3 4 5 6 7 8-12 Years Old Kids Boys Girls, €8.
Regal Games - Premium Double 12 Mexican Train Dominoes in Collector’s Tin - Colored Dot Dominoes Game Set, Family-Friendly - 91 Tiles, 4 Metal Trains, Wooden Hub - 2-8 Players Ages 8+, €29.
150PCS Plastic Mini Colorful Thin Pick Up Sticks for Fun Family Parent-Child Games 6.3Inch Long, €6.
Amerous 10" Ludo Go Board Folding Travel Magnetic Ludo Set, €10.
Pop Toys for Kids Adults, Electronic Fidget Light-up Sensory Games Travel Handheld Game Bubble Birthday Gifts for Age 5 6 7 8 9 10-12 Year Old Girl Boys, €15.
Toss and Catch Ball Games for Kids-Paddles Ball Catch Lawn Game-Upgraded Version Outdoor Sports Toys for Kids/Family, Boys and Girls Gifts, €23.
Kids Toys - Beach Toys - Outdoor Games for Kids, Toss and Catch Ball Set with 6 Paddles 3 Balls, Outdoor Toys for 3 4 5 6 7 8+ Year Old Boys Girls Birthday Easter Gifts for Kids, €25.
QianDanS Wooden Activity Cubes 5-in-1 Baby Montessori Toys for 1 Year Old，Educational Toys for 1-2 Year Old Sensory Toys for Toddlers 1-3 Gifts for 1 Year Old Boys and Girls, €39.
yeesport Speed Stacking Cups Game: 24pcs Cup Stacking Set, Sports Stacking Cups Speed Training for Party Challenge Competition Travel Game, Gift Idea for Stack Games Lover (Red & Purple), €17.
Arachnid Cricket Pro 800 Electronic Dartboard with NylonTough Segments for Improved Durability and Playability and Micro-Thin Segment Dividers for ReducedBounce-Outs , Black, €249.
